<?xml version="1.0" encoding="utf-8" ?>
<odoo>
    <record id="menu_my_books" model="website.menu">
        <field name="name">Books</field>
        <field name="url">/books</field>
<!--        <field name="page_id" ref="eod_library_management.my_page"/>-->
        <field name="parent_id" ref="website.main_menu"/>
        <field name="sequence" type="int">60</field>
    </record>

    <record id="menu_rental_fines" model="website.menu">
        <field name="name">Fines</field>
        <field name="url">/fines</field>
<!--        <field name="page_id" ref="eod_library_management.my_page"/>-->
        <field name="parent_id" ref="website.main_menu"/>
        <field name="sequence" type="int">61</field>
    </record>

    <record id="menu_overdue" model="website.menu">
        <field name="name">Overdue</field>
        <field name="url">/overdue</field>
<!--        <field name="page_id" ref="eod_library_management.my_page"/>-->
        <field name="parent_id" ref="website.main_menu"/>
        <field name="sequence" type="int">62</field>
    </record>
</odoo>