id,name,model_id:id,group_id:id,perm_read,perm_write,perm_create,perm_unlink
estate.access_estate_property,access_estate_property,estate.model_estate_property,base.group_user,1,1,1,1
estate.access_estate_property_admin,access_estate_property_admin,estate.model_estate_property,estate.estate_admin,1,1,1,1
estate.access_estate_property_type,access_estate_property_type,estate.model_estate_property_type,base.group_user,1,1,1,1
estate.access_estate_property_offer,access_estate_property_offer,estate.model_estate_property_offer,base.group_user,1,1,1,1
estate.access_estate_property_tag,access_estate_property_tag,estate.model_estate_property_tag,base.group_user,1,1,1,1